{
  "balances": {
    "DORA": 3477.983012854369,
    "S": 198.779816
  },
  "totalValue": 133.42394364332972
}